<?xml version="1.0" encoding="UTF-8"?>
<!DOCTYPE generatorConfiguration
  PUBLIC "-//mybatis.org//DTD MyBatis Generator Configuration 1.0//EN"
  "http://mybatis.org/dtd/mybatis-generator-config_1_0.dtd">

<generatorConfiguration>
  <classPathEntry location="F:/work/实习/documents/修改文档/mybatis-generator-core-1.3.1/mysql-connector-java-5.1.15-bin.jar" />

  <context id="Mysql5Tables" targetRuntime="MyBatis3">
    <jdbcConnection driverClass="com.mysql.jdbc.Driver"
        connectionURL="jdbc:mysql://localhost:3306/dbyj"
        userId="root"
        password="shiny">
    </jdbcConnection>

    <javaTypeResolver >
      <property name="forceBigDecimals" value="false" />
    </javaTypeResolver>
<!-- F:\work\workspace_svn\huatuo-common-dal\src\main\java -->
    <!-- <javaModelGenerator targetPackage="com.ucmed.dbyj.dataobject" targetProject="F:\work\workspace_svn\mybatis_generator\src">
      <property name="enableSubPackages" value="false" />
      <property name="trimStrings" value="true" />
    </javaModelGenerator> -->
    <javaModelGenerator targetPackage="com.ucmed.dbyj.model" targetProject="F:\work\workspace_svn\mybatis_generator\src">
      <property name="enableSubPackages" value="false" />
      <property name="trimStrings" value="true" />
    </javaModelGenerator>

    <javaClientGenerator type="ANNOTATEDMAPPER" targetPackage="com.ucmed.dbyj.dao"  targetProject="F:\work\workspace_svn\mybatis_generator\src">
      <property name="enableSubPackages" value="false" />
    </javaClientGenerator>
 
 	<!-- <table tableName="dbyj_api"
    	enableSelectByExample="false"
    	enableDeleteByExample="false"
    	enableCountByExample="false"
    	enableUpdateByExample="false"
    	selectByExampleQueryId="false"
    	domainObjectName="AdminModel" >
      <generatedKey column="id" sqlStatement="MySql" identity="true" />
    </table> -->
 
 	<!-- <table tableName="dbyj_admin"
    	enableSelectByExample="false"
    	enableDeleteByExample="false"
    	enableCountByExample="false"
    	enableUpdateByExample="false"
    	selectByExampleQueryId="false"
    	domainObjectName="AdminModel" >
      <generatedKey column="id" sqlStatement="MySql" identity="true" />
    </table> -->
    
    <!-- <table tableName="dbyj_admin_role"
    	enableSelectByExample="false"
    	enableDeleteByExample="false"
    	enableCountByExample="false"
    	enableUpdateByExample="false"
    	selectByExampleQueryId="false"
    	domainObjectName="AdminRole" >
      <generatedKey column="id" sqlStatement="MySql" identity="true" />
    </table> -->
    
    <!-- <table tableName="dbyj_role_permission"
    	enableSelectByExample="false"
    	enableDeleteByExample="false"
    	enableCountByExample="false"
    	enableUpdateByExample="false"
    	selectByExampleQueryId="false"
    	domainObjectName="RolePermission" >
      <generatedKey column="id" sqlStatement="MySql" identity="true" />
    </table> -->
    
    <!-- <table tableName="dbyj_permission"
    	enableSelectByExample="false"
    	enableDeleteByExample="false"
    	enableCountByExample="false"
    	enableUpdateByExample="false"
    	selectByExampleQueryId="false"
    	domainObjectName="Permission" >
      <generatedKey column="id" sqlStatement="MySql" identity="true" />
    </table> -->
    
    <!-- <table tableName="dbyj_role"
    	enableSelectByExample="false"
    	enableDeleteByExample="false"
    	enableCountByExample="false"
    	enableUpdateByExample="false"
    	selectByExampleQueryId="false"
    	domainObjectName="Role" >
      <generatedKey column="id" sqlStatement="MySql" identity="true" />
    </table> -->
    
    <!-- <table tableName="dbyj_disease"
    	enableSelectByExample="false"
    	enableDeleteByExample="false"
    	enableCountByExample="false"
    	enableUpdateByExample="false"
    	selectByExampleQueryId="false"
    	domainObjectName="Disease" >
      <generatedKey column="id" sqlStatement="MySql" identity="true" />
    </table>
    
    <table tableName="dbyj_disease_warning"
    	enableSelectByExample="false"
    	enableDeleteByExample="false"
    	enableCountByExample="false"
    	enableUpdateByExample="false"
    	selectByExampleQueryId="false"
    	domainObjectName="DiseaseWarning" >
      <generatedKey column="id" sqlStatement="MySql" identity="true" />
    </table>
    
    <table tableName="dbyj_itemscore"
    	enableSelectByExample="false"
    	enableDeleteByExample="false"
    	enableCountByExample="false"
    	enableUpdateByExample="false"
    	selectByExampleQueryId="false"
    	domainObjectName="ItemScore" >
      <generatedKey column="id" sqlStatement="MySql" identity="true" />
    </table>
    
    <table tableName="dbyj_question"
    	enableSelectByExample="false"
    	enableDeleteByExample="false"
    	enableCountByExample="false"
    	enableUpdateByExample="false"
    	selectByExampleQueryId="false"
    	domainObjectName="Question" >
      <generatedKey column="id" sqlStatement="MySql" identity="true" />
    </table>
    
    <table tableName="dbyj_questionitem"
    	enableSelectByExample="false"
    	enableDeleteByExample="false"
    	enableCountByExample="false"
    	enableUpdateByExample="false"
    	selectByExampleQueryId="false"
    	domainObjectName="QuestionItem" >
      <generatedKey column="id" sqlStatement="MySql" identity="true" />
    </table>
    
    <table tableName="dbyj_user"
    	enableSelectByExample="false"
    	enableDeleteByExample="false"
    	enableCountByExample="false"
    	enableUpdateByExample="false"
    	selectByExampleQueryId="false"
    	domainObjectName="User" >
      <generatedKey column="id" sqlStatement="MySql" identity="true" />
    </table>
    
    <table tableName="dbyj_user_answer"
    	enableSelectByExample="false"
    	enableDeleteByExample="false"
    	enableCountByExample="false"
    	enableUpdateByExample="false"
    	selectByExampleQueryId="false"
    	domainObjectName="UserAnswer" >
      <generatedKey column="id" sqlStatement="MySql" identity="true" />
    </table>
    
    <table tableName="dbyj_warning_question"
    	enableSelectByExample="false"
    	enableDeleteByExample="false"
    	enableCountByExample="false"
    	enableUpdateByExample="false"
    	selectByExampleQueryId="false"
    	domainObjectName="WarningQuestion" >
      <generatedKey column="id" sqlStatement="MySql" identity="true" />
    </table> -->
    
    <table tableName="dbyj_disease"
    	enableSelectByExample="false"
    	enableDeleteByExample="false"
    	enableCountByExample="false"
    	enableUpdateByExample="false"
    	selectByExampleQueryId="false"
    	domainObjectName="DiseaseModel" >
      <generatedKey column="id" sqlStatement="MySql" identity="true" />
    </table>
    
    <table tableName="dbyj_disease_warning"
    	enableSelectByExample="false"
    	enableDeleteByExample="false"
    	enableCountByExample="false"
    	enableUpdateByExample="false"
    	selectByExampleQueryId="false"
    	domainObjectName="DiseaseWarningModel" >
      <generatedKey column="id" sqlStatement="MySql" identity="true" />
    </table>
    
    <table tableName="dbyj_itemscore"
    	enableSelectByExample="false"
    	enableDeleteByExample="false"
    	enableCountByExample="false"
    	enableUpdateByExample="false"
    	selectByExampleQueryId="false"
    	domainObjectName="ItemScoreModel" >
      <generatedKey column="id" sqlStatement="MySql" identity="true" />
    </table>
    
    <table tableName="dbyj_question"
    	enableSelectByExample="false"
    	enableDeleteByExample="false"
    	enableCountByExample="false"
    	enableUpdateByExample="false"
    	selectByExampleQueryId="false"
    	domainObjectName="QuestionModel" >
      <generatedKey column="id" sqlStatement="MySql" identity="true" />
    </table>
    
    <table tableName="dbyj_questionitem"
    	enableSelectByExample="false"
    	enableDeleteByExample="false"
    	enableCountByExample="false"
    	enableUpdateByExample="false"
    	selectByExampleQueryId="false"
    	domainObjectName="QuestionItemModel" >
      <generatedKey column="id" sqlStatement="MySql" identity="true" />
    </table>
    
    <table tableName="dbyj_user"
    	enableSelectByExample="false"
    	enableDeleteByExample="false"
    	enableCountByExample="false"
    	enableUpdateByExample="false"
    	selectByExampleQueryId="false"
    	domainObjectName="UserModel" >
      <generatedKey column="id" sqlStatement="MySql" identity="true" />
    </table>
    
    <table tableName="dbyj_user_answer"
    	enableSelectByExample="false"
    	enableDeleteByExample="false"
    	enableCountByExample="false"
    	enableUpdateByExample="false"
    	selectByExampleQueryId="false"
    	domainObjectName="UserAnswerModel" >
      <generatedKey column="id" sqlStatement="MySql" identity="true" />
    </table>
    
    <table tableName="dbyj_warning_question"
    	enableSelectByExample="false"
    	enableDeleteByExample="false"
    	enableCountByExample="false"
    	enableUpdateByExample="false"
    	selectByExampleQueryId="false"
    	domainObjectName="WarningQuestionModel" >
      <generatedKey column="id" sqlStatement="MySql" identity="true" />
    </table>
  </context>
</generatorConfiguration>