<?xml version="1.0" encoding="UTF-8"?>
<!DOCTYPE generatorConfiguration
  PUBLIC "-//mybatis.org//DTD MyBatis Generator Configuration 1.0//EN"
  "http://mybatis.org/dtd/mybatis-generator-config_1_0.dtd">

<generatorConfiguration>
  <classPathEntry location="E:/Users/ZhuoJian/workspace/mybatis_generator/mysql-connector-java-5.1.6.jar" />

  <context id="Mysql5Tables" targetRuntime="MyBatis3">
    <jdbcConnection driverClass="com.mysql.jdbc.Driver"
        connectionURL="jdbc:mysql://115.159.1.60:4040/ylpt-test"
        userId="ucmed"
        password="txtest@mysql">
    </jdbcConnection>

    <javaTypeResolver >
      <property name="forceBigDecimals" value="false" />
    </javaTypeResolver>
<!-- F:\work\workspace_svn\huatuo-common-dal\src\main\java -->
    <!-- <javaModelGenerator targetPackage="com.ucmed.nbyy.dataobject" targetProject="F:\work\workspace_svn\mybatis_generator\src">
      <property name="enableSubPackages" value="false" />
      <property name="trimStrings" value="true" />
    </javaModelGenerator> -->
    <javaModelGenerator targetPackage="com.ucmed.common.ylpt.dataobject.sendMsg" targetProject="E:\Users\ZhuoJian\workspace\mybatis_generator\src">
      <property name="enableSubPackages" value="false" />
      <property name="trimStrings" value="true" />
    </javaModelGenerator>

    <javaClientGenerator type="ANNOTATEDMAPPER" targetPackage="com.ucmed.common.ylpt.dao.sendMsg"  targetProject="E:\Users\ZhuoJian\workspace\mybatis_generator\src">
      <property name="enableSubPackages" value="false" />
    </javaClientGenerator>
    
    <table tableName="send_msg"
    	enableSelectByExample="false"
    	enableDeleteByExample="false"
    	enableCountByExample="false"
    	enableUpdateByExample="false"
    	selectByExampleQueryId="false"
    	domainObjectName="SendMsg" >
      <generatedKey column="id" sqlStatement="MySql" identity="true" />
    </table>
  </context>
</generatorConfiguration>