<?xml version="1.0" encoding="UTF-8"?>
<!DOCTYPE generatorConfiguration
  PUBLIC "-//mybatis.org//DTD MyBatis Generator Configuration 1.0//EN"
  "http://mybatis.org/dtd/mybatis-generator-config_1_0.dtd">

<generatorConfiguration>
  <classPathEntry location="E:/workspace/workspace-mars/mybatis_generator/mysql-connector-java-5.1.6.jar" />

  <context id="Mysql5Tables" targetRuntime="MyBatis3">
    <jdbcConnection driverClass="com.mysql.jdbc.Driver"
        connectionURL="jdbc:mysql://115.159.1.60:4040/ylpt-test"
        userId="ucmed"
        password="txtest@mysql">
    </jdbcConnection>

    <javaTypeResolver >
      <property name="forceBigDecimals" value="false" />
    </javaTypeResolver>
    <javaModelGenerator targetPackage="com.ucmed.common.ylpt.dataobject.novemberactivity" targetProject="E:/workspace/workspace-git/mybatis_generator/src">
      <property name="enableSubPackages" value="false" />
      <property name="trimStrings" value="true" />
    </javaModelGenerator>

    <javaClientGenerator type="ANNOTATEDMAPPER" targetPackage="com.ucmed.common.ylpt.dao.novemberactivity"  targetProject="E:/workspace/workspace-git/mybatis_generator/src">
      <property name="enableSubPackages" value="false" />
    </javaClientGenerator>
    
    <table tableName="november_activity_record"
    	enableSelectByExample="false"
    	enableDeleteByExample="false"
    	enableCountByExample="false"
    	enableUpdateByExample="false"
    	selectByExampleQueryId="false"
    	domainObjectName="NovemberActivityRecord" >
      <generatedKey column="id" sqlStatement="MySql" identity="true" />
    </table>
  </context>
</generatorConfiguration>